"0","fisher_rank = run_fisher_meta_AF(meta_list = AF_Meta,"
"2","Error in exists(cacheKey, where = .rs.WorkingDataEnv, inherits = FALSE) : 
  invalid first argument
"
"0","                              n_missing = length(AF_Meta) - 5)"
"2","Lade nötiges Paket: survival
"
"2","Lade nötiges Paket: prodlim
"
"2","Warnung: Paket ‘prodlim’ wurde unter R Version 4.2.3 erstellt"
"2","
Attache Paket: ‘prodlim’

"
"2","Das folgende Objekt ist maskiert ‘package:igraph’:

    neighborhood

"
"2","Error in exists(cacheKey, where = .rs.WorkingDataEnv, inherits = FALSE) : 
  invalid first argument
"
"0","fisher_rank<- p.adjust(fisher_rank, method = ""BH"")"
"2","Error in exists(cacheKey, where = .rs.WorkingDataEnv, inherits = FALSE) : 
  invalid first argument
"
